track_id,target_name,position_x,position_y,position_z,range_m,bearing_rad,rcs_square_meters,time_seconds
TRK-001,Target-1,10250.0,1030.0,2000.0,10493.969696925944,0.10015160425502397,12.5,1.0
TRK-002,Target-1,10500.0,1060.0,2000.0,10741.210360103743,0.10061151474240683,12.5,2.0
TRK-003,Target-1,10750.0,1090.0,2000.0,10988.657788829352,0.10104999427765002,12.5,3.0
TRK-004,Target-1,11000.0,1120.0,2000.0,11236.298322846364,0.10146850655915136,12.5,4.0
